{
  "extends": "tslint-config-airbnb",
  "rules": {
    "max-line-length": [true, 140],
    "quotemark": [true, "double", "jsx-double"],
    "indent": [true, "spaces", 4],
    "ter-indent": [ true, 4, { "SwitchCase": 1 }],
    "promise-function-async": true,
    "import-name": [ true, { "lodash": "_" }],
    "no-banned-terms": true,
    "no-delete-expression": true,
    "no-disable-auto-sanitization": true,
    "no-document-domain": true,
    "no-document-write": true,
    "no-empty-line-after-opening-brace": true,
    "no-exec-script": true,
    "no-for-in": true,
    "no-function-constructor-with-string-args": true,
    "no-function-expression": true,
    "no-http-string": true,
    "no-increment-decrement": false,
    "no-inner-html": true,
    "no-invalid-regexp": true,
    "no-regex-spaces": true,
    "no-relative-imports": true,
    "no-reserved-keywords": true,
    "no-single-line-block-comment": true,
    "no-stateless-class": true,
    "no-string-based-set-immediate": true,
    "no-string-based-set-interval": true,
    "no-string-based-set-timeout": true,
    "no-typeof-undefined": true,
    "no-unexternalized-strings": false,
    "no-unnecessary-bind": true,
    "no-unnecessary-field-initialization": true,
    "no-unnecessary-local-variable": true,
    "no-unnecessary-override": true,
    "no-unnecessary-semicolons": true,
    "no-unsupported-browser-code": true,
    "no-useless-files": true,
    "no-var-self": true,
    "no-with-statement": true, 
    "non-literal-require": true,
    "possible-timing-attack": true,
    "prefer-array-literal": true,
    "prefer-type-cast": true,
    "prefer-while": true,
    "promise-must-complete": true,

    "await-promise": true,
    "no-floating-promises": true,

    
    "file-name-casing": [true, "kebab-case"],

    "react-a11y-anchors": true,
    "react-a11y-aria-unsupported-elements": true,
    "react-a11y-event-has-role": true,
    "react-a11y-image-button-has-alt": true,
    "react-a11y-img-has-alt": true,
    "react-a11y-lang": true,
    "react-a11y-meta": true,
    "react-a11y-props": true,
    "react-a11y-proptypes": true,
    "react-a11y-role-has-required-aria-props": true,
    "react-a11y-role-supports-aria-props": true,
    "react-a11y-role": true,
    "react-a11y-tabindex-no-positive": true,
    "react-a11y-titles": true,
    "react-anchor-blank-noopener": true,
    "react-iframe-missing-sandbox": true,
    "react-no-dangerous-html": true,
    "react-this-binding-issue": [ true, { "allow-anonymous-listeners": true } ],
    "react-tsx-curly-spacing": [true, "always"],
    "react-unused-props-and-state": true,
    
    "underscore-consistent-invocation": [true, { "style": "static" }],
    "use-named-parameter": true

  }
}